"Guid","Comments","Description","IsEscalated","Origin","ParentId","Priority","Reason","Status","Subject","SuppliedCompany","SuppliedEmail","SuppliedName","SuppliedPhone","TestURLCase__c","Test_picklist__c","Type"
01e4d49b-197b-4664-98d5-5afdf8b8b5e6,"#N/A","#N/A",false,Email,"#N/A",Medium,"#N/A",New,"#N/A","#N/A","#N/A","#N/A","#N/A","#N/A","#N/A","#N/A"
04de0468-0011-4a31-b5b1-d496d703500c,"#N/A","#N/A",false,Phone,"#N/A",High,"#N/A",Escalated,Sample Case: Our Widgets have not been delivered.,"#N/A","#N/A","#N/A","#N/A","#N/A","#N/A","#N/A"
05e0ac1e-1ab0-4837-852d-489eda975df1,"#N/A","#N/A",false,Phone,"#N/A",Low,"#N/A",On Hold,Sample Case 3: EDITED.,"#N/A","#N/A","#N/A","#N/A","#N/A","#N/A","#N/A"
08c088f8-2d50-48a7-abe6-8b925d26c05d,"#N/A","#N/A",false,Phone,"#N/A",Low,"#N/A",On Hold,Sample Case 3: EDITED.,"#N/A","#N/A","#N/A","#N/A","#N/A","#N/A","#N/A"
0a5df371-679e-4e67-9f78-84c984832c32,"#N/A","#N/A",false,Email,"#N/A",Medium,"#N/A",New,"#N/A","#N/A","#N/A","#N/A","#N/A","#N/A","#N/A","#N/A"
0b0109b3-e8c7-4e63-b993-1cb6cb815f73,"#N/A","#N/A",false,Email,"#N/A",Medium,"#N/A",New,This Sample test tested verified,"#N/A","#N/A","#N/A","#N/A","#N/A","#N/A","#N/A"
0ba7b758-3bf6-4b6a-81dc-3f39c5f3cece,"#N/A","#N/A",false,Email,"#N/A",Medium,"#N/A",New,"#N/A","#N/A","#N/A","#N/A","#N/A","#N/A","#N/A","#N/A"
0d56ad65-56df-4c24-a2d2-211c44ddadd1,"#N/A","#N/A",false,Email,"#N/A",Medium,"#N/A",New,"#N/A","#N/A","#N/A","#N/A","#N/A","#N/A","#N/A","#N/A"
0f52fb43-8b5a-4a55-971f-c27b9f69ce93,"#N/A","#N/A",false,Phone,"#N/A",High,Instructions not clear,New,Sample Case 2: The widgets we received are the wrong size.,"#N/A","#N/A","#N/A","#N/A","#N/A","#N/A","#N/A"
0fcc8193-c2e4-470a-ad63-e95492345ca6,"#N/A","#N/A",false,Email,"#N/A",Medium,"#N/A",New,"#N/A","#N/A","#N/A","#N/A","#N/A","#N/A","#N/A","#N/A"
115b7112-1aab-4076-9f88-74e42d88e941,"#N/A","#N/A",false,Email,"#N/A",Medium,"#N/A",New,"#N/A","#N/A","#N/A","#N/A","#N/A","#N/A","#N/A","#N/A"
130a6a58-beb7-448e-b58b-6f5ba0cfb6ff,"#N/A","#N/A",false,Phone,"#N/A",Medium,"#N/A",New,"#N/A","#N/A","#N/A","#N/A","#N/A","#N/A","#N/A","#N/A"
13829c15-f984-4190-821e-b0adb63b220a,"#N/A","#N/A",false,Phone,"#N/A",High,Instructions not clear,New,Sample Case 2: The widgets we received are the wrong size.,"#N/A","#N/A","#N/A","#N/A","#N/A","#N/A","#N/A"
13abf24d-b999-47d5-9d7e-02e0767cb5e7,"#N/A","#N/A",false,Email,"#N/A",Medium,"#N/A",New,"#N/A","#N/A","#N/A","#N/A","#N/A","#N/A","#N/A","#N/A"
16cc778c-7dfe-4528-a629-6354ee361d0a,"#N/A","#N/A",false,Phone,"#N/A",Medium,"#N/A",New,"#N/A","#N/A","#N/A","#N/A","#N/A","#N/A","#N/A","#N/A"
197e9e2f-30ae-4198-8982-2fdc3482a250,"#N/A","#N/A",false,Email,"#N/A",Medium,"#N/A",New,"#N/A","#N/A","#N/A","#N/A","#N/A","#N/A","#N/A","#N/A"
19c1a606-f04f-4240-84e4-028a7890786b,"#N/A","#N/A",false,Email,"#N/A",Medium,"#N/A",New,"#N/A","#N/A","#N/A","#N/A","#N/A","#N/A","#N/A","#N/A"
1be7693c-6678-4166-b9db-3ec6e8902e11,"#N/A","#N/A",false,Email,"#N/A",Medium,"#N/A",New,"#N/A","#N/A","#N/A","#N/A","#N/A","#N/A","#N/A","#N/A"
1f53b674-4fcf-41ff-b5e5-d4ea2500eb81,"#N/A","#N/A",false,Phone,"#N/A",Medium,"#N/A",New,"#N/A","#N/A","#N/A","#N/A","#N/A","#N/A","#N/A","#N/A"
1fed3649-e4fd-4b32-9f2f-f4d91cec3c49,"#N/A","#N/A",false,Phone,"#N/A",Medium,"#N/A",New,"#N/A","#N/A","#N/A","#N/A","#N/A","#N/A","#N/A","#N/A"
22a32a6f-9858-4c8a-a679-46e722406da9,"#N/A","#N/A",false,Phone,"#N/A",Medium,"#N/A",New,"#N/A","#N/A","#N/A","#N/A","#N/A","#N/A","#N/A","#N/A"
2c5a6256-5610-45aa-aa16-a29018df1281,"#N/A","#N/A",false,Phone,"#N/A",Low,"#N/A",On Hold,Sample Case 3: EDITED.,"#N/A","#N/A","#N/A","#N/A","#N/A","#N/A","#N/A"
2cf6942e-dfd6-494a-a5f4-b833e3208514,"#N/A","#N/A",false,Phone,"#N/A",Medium,"#N/A",New,"#N/A","#N/A","#N/A","#N/A","#N/A","#N/A","#N/A","#N/A"
2d175a30-53a2-4cfd-8eea-a3856146e8c1,"#N/A","#N/A",false,Phone,"#N/A",High,Instructions not clear,New,Sample Case 2: The widgets we received are the wrong size.,"#N/A","#N/A","#N/A","#N/A","#N/A","#N/A","#N/A"
2d5d8f53-e43b-4af6-8cdb-5d48c2185b00,"#N/A","#N/A",false,Email,"#N/A",Medium,"#N/A",New,"#N/A","#N/A","#N/A","#N/A","#N/A","#N/A","#N/A","#N/A"
2ee4340b-088e-48b7-9f6d-f701b3b70eb4,"#N/A","#N/A",false,Email,"#N/A",Medium,"#N/A",New,"#N/A","#N/A","#N/A","#N/A","#N/A","#N/A","#N/A","#N/A"
2f781e80-2150-4006-a9e8-5dfd31d44536,"#N/A","#N/A",false,Phone,"#N/A",High,Instructions not clear,New,Sample Case 2: The widgets we received are the wrong size.,"#N/A","#N/A","#N/A","#N/A","#N/A","#N/A","#N/A"
322a67e8-5ac7-44e7-90da-d22ce80eba74,"#N/A","#N/A",false,Email,"#N/A",Medium,"#N/A",New,"#N/A","#N/A","#N/A","#N/A","#N/A","#N/A","#N/A","#N/A"
32d3c7df-c70b-40c6-aa5c-50774dc810ad,"#N/A","#N/A",false,Phone,"#N/A",Low,"#N/A",On Hold,Sample Case 3: EDITED.,"#N/A","#N/A","#N/A","#N/A","#N/A","#N/A","#N/A"
3429dc17-2698-44a6-bb54-f45be7915cd0,"#N/A","#N/A",false,Phone,"#N/A",High,"#N/A",Escalated,Sample Case: Our Widgets have not been delivered.,"#N/A","#N/A","#N/A","#N/A","#N/A","#N/A","#N/A"
34ec12b7-5b8d-45e9-ae56-aab5409b24b8,"#N/A","#N/A",false,Phone,"#N/A",Low,"#N/A",On Hold,Sample Case 3: EDITED.,"#N/A","#N/A","#N/A","#N/A","#N/A","#N/A","#N/A"
374eef42-aa3c-49f5-9b47-62cf9490c48d,"#N/A","#N/A",false,Email,"#N/A",Medium,"#N/A",New,"#N/A","#N/A","#N/A","#N/A","#N/A","#N/A","#N/A","#N/A"
39a4e3b0-0987-48bc-8270-c1d24119ba91,"#N/A","#N/A",false,Phone,"#N/A",High,Instructions not clear,New,Sample Case 2: The widgets we received are the wrong size.,"#N/A","#N/A","#N/A","#N/A","#N/A","#N/A","#N/A"
3b402f30-57d8-4e18-851a-68a4c1ffa072,"#N/A","#N/A",false,Email,"#N/A",Medium,"#N/A",New,"#N/A","#N/A","#N/A","#N/A","#N/A","#N/A","#N/A","#N/A"
3b69cb1a-c8a8-4f24-af38-554e49866dd8,"#N/A","#N/A",false,Phone,"#N/A",Low,"#N/A",On Hold,Sample Case 3: EDITED.,"#N/A","#N/A","#N/A","#N/A","#N/A","#N/A","#N/A"
3c3ab29e-3fe2-4f0d-b0f2-57db29c2bee2,"#N/A","#N/A",false,Phone,"#N/A",High,"#N/A",Escalated,Sample Case: Our Widgets have not been delivered.,"#N/A","#N/A","#N/A","#N/A","#N/A","#N/A","#N/A"
3e044778-9d19-48b1-9a18-b7a4841b60f6,"#N/A","#N/A",false,Email,"#N/A",Medium,"#N/A",New,"#N/A","#N/A","#N/A","#N/A","#N/A","#N/A","#N/A","#N/A"
400f8e69-56e3-453a-ab73-88ee47940303,"#N/A","#N/A",false,Phone,"#N/A",High,"#N/A",Escalated,Sample Case: Our Widgets have not been delivered.,"#N/A","#N/A","#N/A","#N/A","#N/A","#N/A","#N/A"
4090e779-d1e0-412d-8e77-2afff6fb5e7b,"#N/A","#N/A",false,Phone,"#N/A",High,"#N/A",Escalated,Sample Case: Our Widgets have not been delivered.,"#N/A","#N/A","#N/A","#N/A","#N/A","#N/A","#N/A"
40bb9987-8602-4248-a5df-ce48667e12bd,"#N/A","#N/A",false,Phone,"#N/A",High,Instructions not clear,New,Sample Case 2: The widgets we received are the wrong size.,"#N/A","#N/A","#N/A","#N/A","#N/A","#N/A","#N/A"
4419f501-3ef7-4240-bf37-3fc8088f27b1,"#N/A","#N/A",false,Email,"#N/A",Medium,"#N/A",New,"#N/A","#N/A","#N/A","#N/A","#N/A","#N/A","#N/A","#N/A"
44e1327a-6e95-421b-9e70-9ff52ccad1c9,"#N/A","#N/A",false,Phone,"#N/A",Medium,"#N/A",New,"#N/A","#N/A","#N/A","#N/A","#N/A","#N/A","#N/A","#N/A"
48433409-416f-4ceb-a6ea-b25a3e5d3c80,"#N/A","#N/A",false,Phone,"#N/A",High,Instructions not clear,New,Sample Case 2: The widgets we received are the wrong size.,"#N/A","#N/A","#N/A","#N/A","#N/A","#N/A","#N/A"
4910c07f-4be2-42c3-acde-d8d6b8e06333,"#N/A","#N/A",false,Phone,"#N/A",High,Instructions not clear,New,Sample Case 2: The widgets we received are the wrong size.,"#N/A","#N/A","#N/A","#N/A","#N/A","#N/A","#N/A"
4d69e021-531f-4930-b6ab-3e9070683c4f,"#N/A","#N/A",false,Email,"#N/A",Medium,"#N/A",New,"#N/A","#N/A","#N/A","#N/A","#N/A","#N/A","#N/A","#N/A"
4e29abd2-1601-4441-8371-62ee83383a0b,"#N/A","#N/A",false,Email,"#N/A",Medium,"#N/A",New,"#N/A","#N/A","#N/A","#N/A","#N/A","#N/A","#N/A","#N/A"
4ffebeb1-1b61-4017-82d8-ce69d8a613e5,"#N/A","#N/A",false,Email,"#N/A",Medium,"#N/A",Escalated,"#N/A","#N/A","#N/A","#N/A","#N/A","#N/A","#N/A","#N/A"
516ae9c6-3aca-4e56-a14a-49273ecd06d7,"#N/A","#N/A",false,Phone,"#N/A",High,"#N/A",Escalated,Sample Case: Our Widgets have not been delivered.,"#N/A","#N/A","#N/A","#N/A","#N/A","#N/A","#N/A"
564bc281-a644-442a-9795-5fb1a2c518dd,"#N/A","#N/A",false,Email,"#N/A",Medium,"#N/A",New,"#N/A","#N/A","#N/A","#N/A","#N/A","#N/A","#N/A","#N/A"
57da395f-efd0-47b3-a2e9-ec255fd721c9,"#N/A","#N/A",false,Phone,"#N/A",Medium,"#N/A",New,"#N/A","#N/A","#N/A","#N/A","#N/A","#N/A","#N/A","#N/A"
5954ff8d-c18a-465c-951e-597bf48291b5,"#N/A","#N/A",false,Email,"#N/A",Medium,"#N/A",New,"#N/A","#N/A","#N/A","#N/A","#N/A","#N/A",A,"#N/A"
5ccc9ab5-cf6a-4268-818b-8b4ff74156f9,"#N/A","#N/A",false,Email,"#N/A",Medium,"#N/A",New,"#N/A","#N/A","#N/A","#N/A","#N/A","#N/A","#N/A","#N/A"
5dad324b-6549-43c0-a18b-67dc599fdb89,"#N/A","#N/A",false,Email,"#N/A",Medium,"#N/A",Escalated,"#N/A","#N/A","#N/A","#N/A","#N/A","#N/A","#N/A","#N/A"
5ed11a1f-11af-4e39-aacb-7035e41a0d1e,"#N/A","#N/A",false,Phone,"#N/A",Medium,"#N/A",New,"#N/A","#N/A","#N/A","#N/A","#N/A","#N/A","#N/A","#N/A"
5f3f70e2-ce54-464d-b232-c50b1147491f,"#N/A","#N/A",false,Phone,"#N/A",High,"#N/A",Escalated,Sample Case: Our Widgets have not been delivered.,"#N/A","#N/A","#N/A","#N/A","#N/A","#N/A","#N/A"
6308aac1-994f-49d9-803c-f0217182e6dd,"#N/A","#N/A",false,Phone,"#N/A",High,Instructions not clear,New,Sample Case 2: The widgets we received are the wrong size.,"#N/A","#N/A","#N/A","#N/A","#N/A","#N/A","#N/A"
633b2e3f-cc66-4e49-bb9e-7d2b12307bea,"#N/A","#N/A",false,Phone,"#N/A",High,"#N/A",Escalated,Sample Case: Our Widgets have not been delivered.,"#N/A","#N/A","#N/A","#N/A","#N/A","#N/A","#N/A"
6371ed96-4460-4b4e-b600-0ace80b6187c,"#N/A","#N/A",false,Email,"#N/A",Medium,"#N/A",New,"#N/A","#N/A","#N/A","#N/A","#N/A","#N/A","#N/A","#N/A"
6732771b-43a5-4f9c-9f10-f65da30055e4,"#N/A","#N/A",false,Phone,"#N/A",High,Instructions not clear,New,Sample Case 2: The widgets we received are the wrong size.,"#N/A","#N/A","#N/A","#N/A","#N/A","#N/A","#N/A"
6ec7f346-94b8-4af8-92e9-d3088d56cd6e,"#N/A","#N/A",false,Phone,"#N/A",Low,"#N/A",On Hold,Sample Case 3: EDITED.,"#N/A","#N/A","#N/A","#N/A","#N/A","#N/A","#N/A"
71bf45d4-b902-4522-9f86-3be0c6a5b178,"#N/A","#N/A",false,Phone,"#N/A",Medium,"#N/A",New,"#N/A","#N/A","#N/A","#N/A","#N/A","#N/A","#N/A","#N/A"
746bedee-9878-4333-9df3-bb08eafeb76a,"#N/A","#N/A",false,Email,"#N/A",Medium,"#N/A",New,"#N/A","#N/A","#N/A","#N/A","#N/A","#N/A","#N/A","#N/A"
747c02e0-97ea-43d0-a559-2a5518aee210,"#N/A","#N/A",false,Phone,"#N/A",High,"#N/A",Escalated,Sample Case: Our Widgets have not been delivered.,"#N/A","#N/A","#N/A","#N/A","#N/A","#N/A","#N/A"
74fa51d4-f0b9-49f7-b720-36c61a6e4b75,"#N/A","#N/A",false,Phone,"#N/A",High,Instructions not clear,New,Sample Case 2: The widgets we received are the wrong size.,"#N/A","#N/A","#N/A","#N/A","#N/A","#N/A","#N/A"
7568979f-8cd0-4e05-8d78-cffe9e92e35b,"#N/A","#N/A",false,Phone,"#N/A",Low,"#N/A",On Hold,Sample Case 3: EDITED.,"#N/A","#N/A","#N/A","#N/A","#N/A","#N/A","#N/A"
7a395e05-f518-4c5c-9242-47423a3c75ee,"#N/A","#N/A",false,Email,"#N/A",Medium,"#N/A",New,"#N/A","#N/A","#N/A","#N/A","#N/A","#N/A","#N/A","#N/A"
7d359f87-b8d5-4465-a846-7f74a261d624,"#N/A","#N/A",false,Email,"#N/A",Medium,"#N/A",New,"#N/A","#N/A","#N/A","#N/A","#N/A","#N/A","#N/A","#N/A"
81048aa1-ad51-444c-93c8-7de2d10fcdd5,"#N/A","#N/A",false,Phone,"#N/A",High,"#N/A",Escalated,Sample Case: Our Widgets have not been delivered.,"#N/A","#N/A","#N/A","#N/A","#N/A","#N/A","#N/A"
81370d8c-74a0-44e0-8241-7d40679373bd,"#N/A","#N/A",false,Phone,"#N/A",Medium,"#N/A",New,"#N/A","#N/A","#N/A","#N/A","#N/A","#N/A","#N/A","#N/A"
813a027a-9d0e-48a9-ab29-779f463789e1,"#N/A","#N/A",false,Phone,"#N/A",High,Instructions not clear,New,Sample Case 2: The widgets we received are the wrong size.,"#N/A","#N/A","#N/A","#N/A","#N/A","#N/A","#N/A"
81f4c3f4-b44e-4c57-85fa-aecd7286f990,"#N/A","#N/A",false,Phone,"#N/A",High,"#N/A",Escalated,Sample Case: Our Widgets have not been delivered.,"#N/A","#N/A","#N/A","#N/A","#N/A","#N/A","#N/A"
81fee0d3-4e78-4b4c-81a0-1f2444335db2,"#N/A","#N/A",false,Email,"#N/A",Medium,"#N/A",New,"#N/A","#N/A","#N/A","#N/A","#N/A","#N/A","#N/A","#N/A"
843c7b06-b4cd-4460-98a8-aa194a23e4e1,"#N/A","#N/A",false,Phone,"#N/A",Low,"#N/A",On Hold,Sample Case 3: EDITED.,"#N/A","#N/A","#N/A","#N/A","#N/A","#N/A","#N/A"
84f7b78a-9a36-4e4e-98fc-1915a2b563b9,"#N/A","#N/A",false,Phone,"#N/A",Medium,"#N/A",New,"#N/A","#N/A","#N/A","#N/A","#N/A","#N/A","#N/A","#N/A"
86387f22-056b-4b96-b0d1-c7823fed93f0,"#N/A","#N/A",false,Email,"#N/A",Medium,"#N/A",New,"#N/A","#N/A","#N/A","#N/A","#N/A","#N/A","#N/A","#N/A"
898c36b9-14f8-449f-9238-a3957c214274,"#N/A","#N/A",false,Phone,"#N/A",High,Instructions not clear,New,Sample Case 2: The widgets we received are the wrong size.,"#N/A","#N/A","#N/A","#N/A","#N/A","#N/A","#N/A"
89993bcf-38cb-42a1-a56a-6d4b3d4a9c25,"#N/A","#N/A",false,Email,"#N/A",Medium,"#N/A",Escalated,"#N/A","#N/A","#N/A","#N/A","#N/A","#N/A","#N/A","#N/A"
8c27a9aa-79e8-42a7-a63b-ff99f2500bb0,"#N/A","#N/A",false,Phone,"#N/A",Medium,"#N/A",New,"#N/A","#N/A","#N/A","#N/A","#N/A","#N/A","#N/A","#N/A"
8f11d0af-ed7e-4b28-816f-cc54028de1b5,"#N/A","#N/A",false,Phone,"#N/A",Medium,"#N/A",New,"#N/A","#N/A","#N/A","#N/A","#N/A","#N/A","#N/A","#N/A"
95a0a40d-bbd0-4d5e-ba67-1ae97e866cd7,"#N/A","#N/A",false,Phone,"#N/A",Low,"#N/A",On Hold,Sample Case 3: EDITED.,"#N/A","#N/A","#N/A","#N/A","#N/A","#N/A","#N/A"
95b3ded2-38d0-4092-bb3e-798dc9ef7a82,"#N/A","#N/A",false,Email,"#N/A",Medium,"#N/A",New,"#N/A","#N/A","#N/A","#N/A","#N/A","#N/A","#N/A","#N/A"
95ba9093-ca1b-453d-82d0-ab60b73b9e2d,"#N/A","#N/A",false,Phone,"#N/A",Low,"#N/A",On Hold,Sample Case 3: EDITED.,"#N/A","#N/A","#N/A","#N/A","#N/A","#N/A","#N/A"
95f73289-9756-4182-9db0-c82b124bce6c,"#N/A","#N/A",false,Email,"#N/A",Medium,"#N/A",New,"#N/A","#N/A","#N/A","#N/A","#N/A","#N/A","#N/A","#N/A"
97acdab1-db51-4847-85b8-7c19c30d69bb,"#N/A","#N/A",false,Email,"#N/A",Medium,"#N/A",New,"#N/A","#N/A","#N/A","#N/A","#N/A","#N/A","#N/A","#N/A"
9c478396-8910-4fda-a402-fbed1910a1b3,"#N/A","#N/A",false,Phone,"#N/A",Low,"#N/A",On Hold,Sample Case 3: EDITED.,"#N/A","#N/A","#N/A","#N/A","#N/A","#N/A","#N/A"
9e4aa039-2b71-4c55-bf9e-ab9cb3796e06,"#N/A","#N/A",false,Email,"#N/A",Medium,"#N/A",New,"#N/A","#N/A","#N/A","#N/A","#N/A","#N/A","#N/A","#N/A"
a0832eb2-9758-4577-b6c1-24c1ef4544b0,"#N/A","#N/A",false,Phone,"#N/A",Low,"#N/A",On Hold,Sample Case 3: EDITED.,"#N/A","#N/A","#N/A","#N/A","#N/A","#N/A","#N/A"
a0df7f54-d038-44c9-9f26-e89a55810b54,"#N/A","#N/A",false,Phone,"#N/A",High,"#N/A",Escalated,Sample Case: Our Widgets have not been delivered.,"#N/A","#N/A","#N/A","#N/A","#N/A","#N/A","#N/A"
a18b3b83-20b0-450f-87d7-031b9ec78d25,"#N/A","#N/A",false,Email,"#N/A",Medium,"#N/A",New,"#N/A","#N/A","#N/A","#N/A","#N/A","#N/A","#N/A","#N/A"
a6b04686-3703-470f-b52c-6a495b00ae43,"#N/A","#N/A",false,Phone,"#N/A",Medium,"#N/A",New,"#N/A","#N/A","#N/A","#N/A","#N/A","#N/A","#N/A","#N/A"
a7c7531e-2621-4a5a-b11a-8d7e50eb4334,"#N/A","#N/A",false,Phone,"#N/A",Low,"#N/A",On Hold,Sample Case 3: EDITED.,"#N/A","#N/A","#N/A","#N/A","#N/A","#N/A","#N/A"
a9426bfb-3e3c-4450-a37b-52de1cf550d0,"#N/A","#N/A",false,Phone,"#N/A",High,"#N/A",Escalated,Sample Case: Our Widgets have not been delivered.,"#N/A","#N/A","#N/A","#N/A","#N/A","#N/A","#N/A"
b0a98acc-c069-433d-86ef-288f3d81f6e1,"#N/A","#N/A",false,Phone,"#N/A",High,"#N/A",Escalated,Sample Case: Our Widgets have not been delivered.,"#N/A","#N/A","#N/A","#N/A","#N/A","#N/A","#N/A"
b90867de-81ea-4f8d-9e18-25d15ba1d953,"#N/A","#N/A",false,Phone,"#N/A",Low,"#N/A",On Hold,Sample Case 3: EDITED.,"#N/A","#N/A","#N/A","#N/A","#N/A","#N/A","#N/A"
ba388617-c785-4695-825b-871c23c553e1,"#N/A","#N/A",false,Phone,"#N/A",High,Instructions not clear,New,Sample Case 2: The widgets we received are the wrong size.,"#N/A","#N/A","#N/A","#N/A","#N/A","#N/A","#N/A"
baa0579f-ada7-469e-99cc-a5e889664cd8,"#N/A","#N/A",false,Phone,"#N/A",High,Instructions not clear,New,Sample Case 2: The widgets we received are the wrong size.,"#N/A","#N/A","#N/A","#N/A","#N/A","#N/A","#N/A"
bc83c872-331e-4cce-a182-6670b9f09003,"#N/A","#N/A",false,Phone,"#N/A",High,"#N/A",Escalated,Sample Case: Our Widgets have not been delivered.,"#N/A","#N/A","#N/A","#N/A","#N/A","#N/A","#N/A"
bd5de77f-f59f-4015-8c1a-d9a3b91198b4,"#N/A","#N/A",false,Phone,"#N/A",Low,"#N/A",On Hold,Sample Case 3: EDITED.,"#N/A","#N/A","#N/A","#N/A","#N/A","#N/A","#N/A"
bdf15e11-f3eb-4859-b799-8e8f64588eb4,"#N/A","#N/A",false,Phone,"#N/A",Medium,"#N/A",New,"#N/A","#N/A","#N/A","#N/A","#N/A","#N/A","#N/A","#N/A"
c004d57a-d34a-4e6b-af50-16ec8a1726ce,"#N/A","#N/A",false,Phone,"#N/A",Low,"#N/A",On Hold,Sample Case 3: EDITED.,"#N/A","#N/A","#N/A","#N/A","#N/A","#N/A","#N/A"
c09e478e-e832-4857-ad00-c54525496181,"#N/A","#N/A",false,Phone,"#N/A",High,"#N/A",Escalated,Sample Case: Our Widgets have not been delivered.,"#N/A","#N/A","#N/A","#N/A","#N/A","#N/A","#N/A"
c1581497-fb9e-4174-84ac-3849a51b0616,"#N/A","#N/A",false,Phone,"#N/A",High,"#N/A",Escalated,Sample Case: Our Widgets have not been delivered.,"#N/A","#N/A","#N/A","#N/A","#N/A","#N/A","#N/A"
c1ed7339-a31a-45df-a800-52c8a2ef3c35,"#N/A","#N/A",false,Phone,"#N/A",Low,"#N/A",On Hold,Sample Case 3: EDITED.,"#N/A","#N/A","#N/A","#N/A","#N/A","#N/A","#N/A"
c284fa9e-cbd7-4e26-9991-1c7ea08e2f75,"#N/A","#N/A",false,Phone,"#N/A",High,Instructions not clear,New,Sample Case 2: The widgets we received are the wrong size.,"#N/A","#N/A","#N/A","#N/A","#N/A","#N/A","#N/A"
c2be5640-0711-49b7-bad4-ffe0979faa19,"#N/A","#N/A",false,Email,"#N/A",Medium,"#N/A",New,"#N/A","#N/A","#N/A","#N/A","#N/A","#N/A","#N/A","#N/A"
c35c7cea-cad0-4a63-affc-2f02be2ec5b2,"#N/A","#N/A",false,Email,"#N/A",Medium,"#N/A",New,"#N/A","#N/A","#N/A","#N/A","#N/A","#N/A","#N/A","#N/A"
c78c4ce5-29ba-4382-ac4c-947f9438b753,"#N/A","#N/A",false,Phone,"#N/A",High,Instructions not clear,New,Sample Case 2: The widgets we received are the wrong size.,"#N/A","#N/A","#N/A","#N/A","#N/A","#N/A","#N/A"
ce378528-25a7-47db-bffe-a946d9a85977,"#N/A","#N/A",false,Phone,"#N/A",Medium,"#N/A",New,"#N/A","#N/A","#N/A","#N/A","#N/A","#N/A","#N/A","#N/A"
cf36671b-ed9d-4e50-925f-63e13c246a5c,"#N/A","#N/A",false,Email,"#N/A",Medium,"#N/A",New,"#N/A","#N/A","#N/A","#N/A","#N/A","#N/A","#N/A","#N/A"
d088f1dd-f9e8-4cd8-ab7f-480d43aef3a9,"#N/A","#N/A",false,Email,"#N/A",Medium,"#N/A",New,"#N/A","#N/A","#N/A","#N/A","#N/A","#N/A","#N/A","#N/A"
d0e8091e-b391-4e74-b4c3-a8a91b317521,"#N/A","#N/A",false,Phone,"#N/A",Medium,"#N/A",New,"#N/A","#N/A","#N/A","#N/A","#N/A","#N/A","#N/A","#N/A"
d38eb960-e9e9-495e-a425-9d07dc9767c7,"#N/A","#N/A",false,Email,"#N/A",Medium,"#N/A",New,"#N/A","#N/A","#N/A","#N/A","#N/A","#N/A","#N/A","#N/A"
d3b2277f-30b2-4bad-86a5-72328f2c6a6d,"#N/A","#N/A",false,Phone,"#N/A",High,Instructions not clear,New,Sample Case 2: The widgets we received are the wrong size.,"#N/A","#N/A","#N/A","#N/A","#N/A","#N/A","#N/A"
d48e262b-c7a8-4b4b-a48b-0a1dc57b380e,"#N/A","#N/A",false,Phone,"#N/A",High,Instructions not clear,New,Sample Case 2: The widgets we received are the wrong size.,"#N/A","#N/A","#N/A","#N/A","#N/A","#N/A","#N/A"
d54a7030-7bda-47d1-a5c1-9fda2ab2a53f,"#N/A","#N/A",false,Email,"#N/A",Medium,"#N/A",New,"#N/A","#N/A","#N/A","#N/A","#N/A","#N/A","#N/A","#N/A"
d54cca35-355d-410c-963c-38a2a707deef,"#N/A","#N/A",false,Email,"#N/A",Medium,"#N/A",New,"#N/A","#N/A","#N/A","#N/A","#N/A","#N/A","#N/A","#N/A"
d7a0b03f-40a0-45eb-a174-47b8cd7b19a5,"#N/A","#N/A",false,Phone,"#N/A",Low,"#N/A",On Hold,Sample Case 3: EDITED.,"#N/A","#N/A","#N/A","#N/A","#N/A","#N/A","#N/A"
dae5222e-cf1b-4094-927e-3722fa4c3934,"#N/A","#N/A",false,Phone,"#N/A",High,"#N/A",Escalated,Sample Case: Our Widgets have not been delivered.,"#N/A","#N/A","#N/A","#N/A","#N/A","#N/A","#N/A"
df262529-b70a-449c-a292-086264377257,"#N/A","#N/A",false,Email,"#N/A",Medium,"#N/A",New,"#N/A","#N/A","#N/A","#N/A","#N/A","#N/A","#N/A","#N/A"
dfaa276c-f25c-433f-b448-fe7b9335f3be,"#N/A","#N/A",false,Phone,"#N/A",Medium,"#N/A",New,"#N/A","#N/A","#N/A","#N/A","#N/A","#N/A","#N/A","#N/A"
e22034f2-0b9b-4c54-bea9-418e25bcb6ac,"#N/A","#N/A",false,Phone,"#N/A",Medium,"#N/A",New,"#N/A","#N/A","#N/A","#N/A","#N/A","#N/A","#N/A","#N/A"
e316cc66-d88f-49a1-a5af-1453b7dacfa0,"#N/A","#N/A",false,Email,"#N/A",Medium,"#N/A",New,"#N/A","#N/A","#N/A","#N/A","#N/A","#N/A","#N/A","#N/A"
e34d0211-4dea-4760-b990-a439e2f24a19,"#N/A","#N/A",false,Phone,"#N/A",Low,"#N/A",On Hold,Sample Case 3: EDITED.,"#N/A","#N/A","#N/A","#N/A","#N/A","#N/A","#N/A"
e5acdbed-9274-43bc-93d9-b13b065779f4,"#N/A","#N/A",false,Email,"#N/A",Medium,"#N/A",Escalated,"#N/A","#N/A","#N/A","#N/A","#N/A","#N/A","#N/A","#N/A"
edcf010a-9ef0-41cd-acb5-e359cf316cc5,"#N/A","#N/A",false,Phone,"#N/A",High,Instructions not clear,New,Sample Case 2: The widgets we received are the wrong size.,"#N/A","#N/A","#N/A","#N/A","#N/A","#N/A","#N/A"
edf00cbd-a4e5-4bde-9db8-1e868469bb6e,"#N/A","#N/A",false,Phone,"#N/A",High,Instructions not clear,New,Sample Case 2: The widgets we received are the wrong size.,"#N/A","#N/A","#N/A","#N/A","#N/A","#N/A","#N/A"
f83a4d2b-396a-4779-996b-46e61ad7f124,"#N/A","#N/A",false,Phone,"#N/A",Low,"#N/A",On Hold,Sample Case 3: EDITED.,"#N/A","#N/A","#N/A","#N/A","#N/A","#N/A","#N/A"
fa25dda8-4f8b-4cd8-8862-64d34c526c06,"#N/A","#N/A",false,Phone,"#N/A",High,"#N/A",Escalated,Sample Case: Our Widgets have not been delivered.,"#N/A","#N/A","#N/A","#N/A","#N/A","#N/A","#N/A"
faf6f8d4-aea4-418c-8c27-4382119b1fc0,"#N/A","#N/A",false,Phone,"#N/A",High,"#N/A",Escalated,Sample Case: Our Widgets have not been delivered.,"#N/A","#N/A","#N/A","#N/A","#N/A","#N/A","#N/A"
fbbf874d-cb8d-4fe2-85ed-4cfbac88abc8,"#N/A","#N/A",false,Email,"#N/A",Medium,"#N/A",New,"#N/A","#N/A","#N/A","#N/A","#N/A","#N/A","#N/A","#N/A"
fe4835d4-222c-4b06-9099-1141afad366e,"#N/A","#N/A",false,Phone,"#N/A",High,"#N/A",Escalated,Sample Case: Our Widgets have not been delivered.,"#N/A","#N/A","#N/A","#N/A","#N/A","#N/A","#N/A"
ffeabee8-d67d-44de-b2fd-f95db2ef11aa,"#N/A","#N/A",false,Phone,"#N/A",Medium,"#N/A",New,"#N/A","#N/A","#N/A","#N/A","#N/A","#N/A","#N/A","#N/A"
