"Guid","AccountId","AssistantName","AssistantPhone","Birthdate","Department","Description","Email","EmailBouncedReason","Fax","FirstName","HomePhone","Jigsaw","LastName","LeadSource","MailingCity","MailingCountry","MailingGeocodeAccuracy","MailingLatitude","MailingLongitude","MailingPostalCode","MailingState","MailingStreet","MobilePhone","OtherCity","OtherCountry","OtherGeocodeAccuracy","OtherLatitude","OtherLongitude","OtherPhone","OtherPostalCode","OtherState","OtherStreet","Phone","ReportsToId","Salutation","Title"
0ce6e76d-f4f0-45ee-92b0-cf1c162834dd,"#N/A","#N/A","#N/A","#N/A","#N/A","#N/A",info@salesforce.com,"#N/A",(212) 555-5555,Leanne,"#N/A","#N/A",Tomlin,"#N/A",New York,USA,"#N/A","#N/A","#N/A",31349,NY,10 Main Rd.,"#N/A","#N/A","#N/A","#N/A","#N/A","#N/A","#N/A","#N/A","#N/A","#N/A",(212) 555-5555,"#N/A","#N/A",VP Customer Support
0fe71c6d-f07f-4cab-adae-043df0ae70af,c55471af-f21e-40b6-8465-3b83d5d3740d,"#N/A","#N/A","#N/A","#N/A","#N/A","#N/A","#N/A","#N/A",Maria,"#N/A","#N/A",Ioana,"#N/A","#N/A","#N/A","#N/A","#N/A","#N/A","#N/A","#N/A","#N/A","#N/A","#N/A","#N/A","#N/A","#N/A","#N/A","#N/A","#N/A","#N/A","#N/A","#N/A","#N/A",Ms.,"#N/A"
121bf099-fdc1-4aac-9454-5b9ebe07b3cc,e6fcf160-f42c-4554-8470-99fea579c524,"#N/A","#N/A","#N/A","#N/A","#N/A","#N/A","#N/A","#N/A",New Kid,"#N/A","#N/A",New3,"#N/A","#N/A","#N/A","#N/A","#N/A","#N/A","#N/A","#N/A","#N/A","#N/A","#N/A","#N/A","#N/A","#N/A","#N/A","#N/A","#N/A","#N/A","#N/A",123,"#N/A",Mr.,"#N/A"
198521ea-8a85-4f96-97ff-a117e71180a8,1d807563-1e7e-4cc7-9420-867ed412caf3,"#N/A","#N/A","#N/A","#N/A","#N/A","#N/A","#N/A","#N/A","#N/A","#N/A","#N/A",shaikh,"#N/A","#N/A","#N/A","#N/A","#N/A","#N/A","#N/A","#N/A","#N/A","#N/A","#N/A","#N/A","#N/A","#N/A","#N/A","#N/A","#N/A","#N/A","#N/A","#N/A","#N/A",Mr.,"#N/A"
1f13ee59-1a6f-4fb2-8a88-b25e2e468a66,98cf3acd-004b-4104-8e8b-beaddc3b4dd7,"#N/A","#N/A","#N/A","#N/A","#N/A","#N/A","#N/A","#N/A",Contact,"#N/A","#N/A",Last,"#N/A","#N/A","#N/A","#N/A","#N/A","#N/A","#N/A","#N/A","#N/A","#N/A","#N/A","#N/A","#N/A","#N/A","#N/A","#N/A","#N/A","#N/A","#N/A","#N/A","#N/A",Ms.,"#N/A"
207b8b63-fa5b-4625-a8ee-06792b3c4f04,"#N/A","#N/A","#N/A","#N/A","#N/A","Marc R. Benioff is chairman and CEO of salesforce.com. He founded the company in March 1999 with the idea to create an information utility that would make traditional enterprise software technology and business models obsolete. A veteran of 25 years in the software industry, he is now regarded as a pioneer of ""The End Of Software,"" demonstrating how on-demand applications can replace traditional software to deliver immediate benefit at reduced risk. In May 2003, Benioff was appointed by President George W. Bush as co-chair of the President's Information Technology Advisory Committee (PITAC), a bi-partisan organization of business leaders and academics charged to advise The President on how to maintain the United States' preeminent position in information technology.",info@salesforce.com,"#N/A",(415) 901-7040,Marc,"#N/A","#N/A",Benioff,"#N/A",San Francisco,USA,"#N/A","#N/A","#N/A",94105,CA,"The Landmark @ One Market, Suite 300","#N/A",San Francisco,USA,"#N/A","#N/A","#N/A","#N/A",94105,CA,"The Landmark @ One Market, Suite 300",(415) 901-7000,"#N/A",Mr.,Executive Officer
219384a7-1219-4e0f-bac2-7785a65f9a81,925b6684-0596-498b-955e-049c9215a690,"#N/A","#N/A","#N/A","#N/A","#N/A","#N/A","#N/A","#N/A",Contact,"#N/A","#N/A",Last,"#N/A","#N/A","#N/A","#N/A","#N/A","#N/A","#N/A","#N/A","#N/A","#N/A","#N/A","#N/A","#N/A","#N/A","#N/A","#N/A","#N/A","#N/A","#N/A","#N/A","#N/A",Ms.,"#N/A"
2255abc1-ab1f-42dc-8a8b-c4b934dfcdf8,cef48d7d-6bdf-4e9c-926c-237503e70477,"#N/A","#N/A","#N/A","#N/A","#N/A","#N/A","#N/A","#N/A",Maria,"#N/A","#N/A",Ioana,"#N/A","#N/A","#N/A","#N/A","#N/A","#N/A","#N/A","#N/A","#N/A","#N/A","#N/A","#N/A","#N/A","#N/A","#N/A","#N/A","#N/A","#N/A","#N/A","#N/A","#N/A",Ms.,"#N/A"
234849b6-c97d-432e-8c92-ee5f756b90d7,98cf3acd-004b-4104-8e8b-beaddc3b4dd7,"#N/A","#N/A","#N/A","#N/A","#N/A","#N/A","#N/A","#N/A",Maria,"#N/A","#N/A",Ioana,"#N/A","#N/A","#N/A","#N/A","#N/A","#N/A","#N/A","#N/A","#N/A","#N/A","#N/A","#N/A","#N/A","#N/A","#N/A","#N/A","#N/A","#N/A","#N/A","#N/A","#N/A",Ms.,"#N/A"
2875c98f-324b-47f4-aac9-1f9b1ca51032,a233043f-4e4e-4732-a226-056c1eca64b7,"#N/A","#N/A","#N/A","#N/A","#N/A","#N/A","#N/A","#N/A",New Kid,"#N/A","#N/A",New3,"#N/A","#N/A","#N/A","#N/A","#N/A","#N/A","#N/A","#N/A","#N/A","#N/A","#N/A","#N/A","#N/A","#N/A","#N/A","#N/A","#N/A","#N/A","#N/A",123,"#N/A",Mr.,"#N/A"
2c06c038-553b-463e-8677-8b49e90421b3,6c365330-3c9d-4228-94ca-b2e654275913,"#N/A","#N/A","#N/A","#N/A","#N/A","#N/A","#N/A","#N/A",New Kid,"#N/A","#N/A",New3,"#N/A","#N/A","#N/A","#N/A","#N/A","#N/A","#N/A","#N/A","#N/A","#N/A","#N/A","#N/A","#N/A","#N/A","#N/A","#N/A","#N/A","#N/A","#N/A",123,"#N/A",Mr.,"#N/A"
2d23e14a-c440-40ba-a76e-2c9a50753e3f,ba88bb16-f1f9-4ff7-91fa-21ee10c34cfd,"#N/A","#N/A","#N/A","#N/A","#N/A","#N/A","#N/A","#N/A",Contact,"#N/A","#N/A",Last,"#N/A","#N/A","#N/A","#N/A","#N/A","#N/A","#N/A","#N/A","#N/A","#N/A","#N/A","#N/A","#N/A","#N/A","#N/A","#N/A","#N/A","#N/A","#N/A","#N/A","#N/A",Ms.,"#N/A"
2e1a1040-a54e-455a-a44e-aa7050393850,"#N/A","#N/A","#N/A","#N/A","#N/A","#N/A",info@salesforce.com,"#N/A","#N/A",Geoff,"#N/A","#N/A",Minor,"#N/A",Toronto,Canada,"#N/A","#N/A","#N/A",L4B 1Y3,Ontario,150 Chestnut Street,"#N/A",Toronto,Canada,"#N/A","#N/A","#N/A","#N/A",L4B 1Y3,Ontario,150 Chestnut Street,(415) 555-1212,"#N/A","#N/A",President
3055a5a3-362d-483b-9745-45444c24a459,c55471af-f21e-40b6-8465-3b83d5d3740d,"#N/A","#N/A","#N/A","#N/A","#N/A","#N/A","#N/A","#N/A",Contact,"#N/A","#N/A",Last,"#N/A","#N/A","#N/A","#N/A","#N/A","#N/A","#N/A","#N/A","#N/A","#N/A","#N/A","#N/A","#N/A","#N/A","#N/A","#N/A","#N/A","#N/A","#N/A","#N/A","#N/A",Ms.,"#N/A"
331fe4ed-91e4-47c4-8f8f-10cc410087d9,"#N/A","#N/A","#N/A","#N/A","#N/A","#N/A",info@salesforce.com,"#N/A",(212) 555-5555,Howard,"#N/A","#N/A",Jones,"#N/A",New York,USA,"#N/A","#N/A","#N/A",31349,NY,10 Main Rd.,"#N/A","#N/A","#N/A","#N/A","#N/A","#N/A","#N/A","#N/A","#N/A","#N/A",(212) 555-5555,"#N/A","#N/A",Buyer
33fdb1c5-8d53-4717-be29-397003ad9845,6c365330-3c9d-4228-94ca-b2e654275913,"#N/A","#N/A","#N/A","#N/A","#N/A","#N/A","#N/A","#N/A",New Kid,"#N/A","#N/A",New3,"#N/A","#N/A","#N/A","#N/A","#N/A","#N/A","#N/A","#N/A","#N/A","#N/A","#N/A","#N/A","#N/A","#N/A","#N/A","#N/A","#N/A","#N/A","#N/A",123,"#N/A",Mr.,"#N/A"
35e130ce-53d0-4e30-86b8-908ce6115b6b,0ccef6ce-e69d-4cda-985d-b6840f0bf01d,"#N/A","#N/A","#N/A","#N/A","#N/A","#N/A","#N/A","#N/A",New Kid,"#N/A","#N/A",New3,"#N/A","#N/A","#N/A","#N/A","#N/A","#N/A","#N/A","#N/A","#N/A","#N/A","#N/A","#N/A","#N/A","#N/A","#N/A","#N/A","#N/A","#N/A","#N/A",123,"#N/A",Mr.,"#N/A"
387633d7-9f09-4e9c-b9aa-1b6c9c3f5e89,98cf3acd-004b-4104-8e8b-beaddc3b4dd7,"#N/A","#N/A","#N/A","#N/A","#N/A","#N/A","#N/A","#N/A",Contact,"#N/A","#N/A",Last,"#N/A","#N/A","#N/A","#N/A","#N/A","#N/A","#N/A","#N/A","#N/A","#N/A","#N/A","#N/A","#N/A","#N/A","#N/A","#N/A","#N/A","#N/A","#N/A","#N/A","#N/A",Ms.,"#N/A"
395093ac-dddd-45ac-997b-c161e21402bc,15b010a2-e0cb-48cd-84e7-2a4831ed8b7a,"#N/A","#N/A","#N/A","#N/A","#N/A","#N/A","#N/A","#N/A","#N/A","#N/A","#N/A",madeInControl,"#N/A","#N/A","#N/A","#N/A","#N/A","#N/A","#N/A","#N/A","#N/A","#N/A","#N/A","#N/A","#N/A","#N/A","#N/A","#N/A","#N/A","#N/A","#N/A","#N/A","#N/A",Mr.,"#N/A"
39b6f08d-ffc9-4218-bd0e-aa3af904d36a,e3e4bedd-dc30-4681-9b52-4d4c66d321f9,"#N/A","#N/A","#N/A","#N/A","#N/A","#N/A","#N/A","#N/A","#N/A","#N/A","#N/A",shaikh,"#N/A","#N/A","#N/A","#N/A","#N/A","#N/A","#N/A","#N/A","#N/A","#N/A","#N/A","#N/A","#N/A","#N/A","#N/A","#N/A","#N/A","#N/A","#N/A","#N/A","#N/A",Mr.,"#N/A"
4061e90e-9824-479f-9f26-e9ba3783b4a1,6c365330-3c9d-4228-94ca-b2e654275913,"#N/A","#N/A","#N/A","#N/A","#N/A",prodly.tester@gmail.com,"#N/A","#N/A","#N/A","#N/A","#N/A",newE1,"#N/A","#N/A","#N/A","#N/A","#N/A","#N/A","#N/A","#N/A","#N/A","#N/A","#N/A","#N/A","#N/A","#N/A","#N/A","#N/A","#N/A","#N/A","#N/A",newE1,"#N/A",Mr.,"#N/A"
4990a3d7-4da3-477b-ba40-17de03ec7320,6cc37ee7-4dc6-44a0-8a83-22e00230256a,"#N/A","#N/A","#N/A","#N/A","#N/A","#N/A","#N/A","#N/A",New Kid,"#N/A","#N/A",New3,"#N/A","#N/A","#N/A","#N/A","#N/A","#N/A","#N/A","#N/A","#N/A","#N/A","#N/A","#N/A","#N/A","#N/A","#N/A","#N/A","#N/A","#N/A","#N/A",123,"#N/A",Mr.,"#N/A"
51dcaab6-d22f-49ec-83ea-8a17159e9997,cef48d7d-6bdf-4e9c-926c-237503e70477,"#N/A","#N/A","#N/A","#N/A","#N/A","#N/A","#N/A","#N/A",Maria,"#N/A","#N/A",Ioana,"#N/A","#N/A","#N/A","#N/A","#N/A","#N/A","#N/A","#N/A","#N/A","#N/A","#N/A","#N/A","#N/A","#N/A","#N/A","#N/A","#N/A","#N/A","#N/A","#N/A","#N/A",Ms.,"#N/A"
57060275-cfdf-4562-b422-749e421ce8a5,1fc86c22-86c5-4fcd-85a3-95e6a06a5103,"#N/A","#N/A","#N/A","#N/A","#N/A","#N/A","#N/A","#N/A","#N/A","#N/A","#N/A",shaikh,"#N/A","#N/A","#N/A","#N/A","#N/A","#N/A","#N/A","#N/A","#N/A","#N/A","#N/A","#N/A","#N/A","#N/A","#N/A","#N/A","#N/A","#N/A","#N/A","#N/A","#N/A",Mr.,"#N/A"
590c3250-7f10-43f1-ae63-4b24f13bdf8a,dcf81601-325b-49ad-bc4b-f3a9e7212837,"#N/A","#N/A","#N/A","#N/A","#N/A","#N/A","#N/A","#N/A",Contact,"#N/A","#N/A",Last,"#N/A","#N/A","#N/A","#N/A","#N/A","#N/A","#N/A","#N/A","#N/A","#N/A","#N/A","#N/A","#N/A","#N/A","#N/A","#N/A","#N/A","#N/A","#N/A","#N/A","#N/A",Ms.,"#N/A"
597a5f29-8480-4e79-9ddc-01a686386875,8d39dfdd-56dd-42d5-9b7d-bfc73ebcef0a,"#N/A","#N/A","#N/A","#N/A","#N/A","#N/A","#N/A","#N/A",New Kid,"#N/A","#N/A",New3,"#N/A","#N/A","#N/A","#N/A","#N/A","#N/A","#N/A","#N/A","#N/A","#N/A","#N/A","#N/A","#N/A","#N/A","#N/A","#N/A","#N/A","#N/A","#N/A",123,"#N/A",Mr.,"#N/A"
5e4378ba-f552-4fe2-9893-9b7f83c9a6f5,ae3ef48a-cf62-42e6-a613-686a29b281ab,"#N/A","#N/A","#N/A","#N/A","#N/A","#N/A","#N/A","#N/A","#N/A","#N/A","#N/A",shaikh,"#N/A","#N/A","#N/A","#N/A","#N/A","#N/A","#N/A","#N/A","#N/A","#N/A","#N/A","#N/A","#N/A","#N/A","#N/A","#N/A","#N/A","#N/A","#N/A","#N/A","#N/A",Mr.,"#N/A"
61760f90-2f38-4b43-9a83-bf17af77f25d,be1cc763-8667-4f5a-b82d-09119c8fe411,"#N/A","#N/A","#N/A","#N/A","#N/A","#N/A","#N/A","#N/A",Contact,"#N/A","#N/A",Last,"#N/A","#N/A","#N/A","#N/A","#N/A","#N/A","#N/A","#N/A","#N/A","#N/A","#N/A","#N/A","#N/A","#N/A","#N/A","#N/A","#N/A","#N/A","#N/A","#N/A","#N/A",Ms.,"#N/A"
6b57048b-f85b-4320-ac0e-100f4ee87f32,dcf81601-325b-49ad-bc4b-f3a9e7212837,"#N/A","#N/A","#N/A","#N/A","#N/A","#N/A","#N/A","#N/A",Contact,"#N/A","#N/A",Last,"#N/A","#N/A","#N/A","#N/A","#N/A","#N/A","#N/A","#N/A","#N/A","#N/A","#N/A","#N/A","#N/A","#N/A","#N/A","#N/A","#N/A","#N/A","#N/A","#N/A","#N/A",Ms.,"#N/A"
6e6da3c7-f5ca-41b6-b71b-055dd1190757,15b010a2-e0cb-48cd-84e7-2a4831ed8b7a,"#N/A","#N/A","#N/A","#N/A","#N/A","#N/A","#N/A","#N/A","#N/A","#N/A","#N/A",TEST1120PROD,"#N/A","#N/A","#N/A","#N/A","#N/A","#N/A","#N/A","#N/A","#N/A","#N/A","#N/A","#N/A","#N/A","#N/A","#N/A","#N/A","#N/A","#N/A","#N/A","#N/A","#N/A",Mr.,"#N/A"
76fbdafd-9afd-4aaf-a455-0fd2166de7c9,"#N/A","#N/A","#N/A","#N/A","#N/A","#N/A",prodly.tester@gmail.com,"#N/A","#N/A","#N/A","#N/A","#N/A",any1,"#N/A","#N/A","#N/A","#N/A","#N/A","#N/A","#N/A","#N/A","#N/A","#N/A","#N/A","#N/A","#N/A","#N/A","#N/A","#N/A","#N/A","#N/A","#N/A","#N/A","#N/A",Mr.,"#N/A"
788933ee-8201-461f-82d6-74e5908d122a,c55471af-f21e-40b6-8465-3b83d5d3740d,"#N/A","#N/A","#N/A","#N/A","#N/A","#N/A","#N/A","#N/A",Contact,"#N/A","#N/A",Last,"#N/A","#N/A","#N/A","#N/A","#N/A","#N/A","#N/A","#N/A","#N/A","#N/A","#N/A","#N/A","#N/A","#N/A","#N/A","#N/A","#N/A","#N/A","#N/A","#N/A","#N/A",Ms.,"#N/A"
7a9c8607-30e7-4535-a7cf-92aaaf1e9ece,63604d37-fd0d-416a-b94e-c88af73fe4ea,"#N/A","#N/A","#N/A","#N/A","#N/A","#N/A","#N/A","#N/A",New Kid,"#N/A","#N/A",New3,"#N/A","#N/A","#N/A","#N/A","#N/A","#N/A","#N/A","#N/A","#N/A","#N/A","#N/A","#N/A","#N/A","#N/A","#N/A","#N/A","#N/A","#N/A","#N/A",123,"#N/A",Mr.,"#N/A"
80a55407-3160-4113-80b2-607def47b876,"#N/A","#N/A","#N/A","#N/A","#N/A","#N/A",info@salesforce.com,"#N/A",(212) 555-5555,Edward,"#N/A","#N/A",Stamos,"#N/A",New York City,USA,"#N/A","#N/A","#N/A",31349,NY,10 Main Rd.,"#N/A",New York City,USA,"#N/A","#N/A","#N/A","#N/A",31349,NY,10 Main Rd.,(212) 555-5555,"#N/A","#N/A",President and CEO
80a79dfc-bafa-47a5-bf9e-5b8938626f16,98cf3acd-004b-4104-8e8b-beaddc3b4dd7,"#N/A","#N/A","#N/A","#N/A","#N/A","#N/A","#N/A","#N/A",Maria,"#N/A","#N/A",Ioana,"#N/A","#N/A","#N/A","#N/A","#N/A","#N/A","#N/A","#N/A","#N/A","#N/A","#N/A","#N/A","#N/A","#N/A","#N/A","#N/A","#N/A","#N/A","#N/A","#N/A","#N/A",Ms.,"#N/A"
85018f27-ec02-48fa-8ae0-c51a16ba0572,cef48d7d-6bdf-4e9c-926c-237503e70477,"#N/A","#N/A","#N/A","#N/A","#N/A","#N/A","#N/A","#N/A",Contact,"#N/A","#N/A",Last,"#N/A","#N/A","#N/A","#N/A","#N/A","#N/A","#N/A","#N/A","#N/A","#N/A","#N/A","#N/A","#N/A","#N/A","#N/A","#N/A","#N/A","#N/A","#N/A","#N/A","#N/A",Ms.,"#N/A"
87da7807-c9ef-4277-a327-57849731740d,8d39dfdd-56dd-42d5-9b7d-bfc73ebcef0a,"#N/A","#N/A","#N/A","#N/A","#N/A","#N/A","#N/A","#N/A",New Kid,"#N/A","#N/A",New3,"#N/A","#N/A","#N/A","#N/A","#N/A","#N/A","#N/A","#N/A","#N/A","#N/A","#N/A","#N/A","#N/A","#N/A","#N/A","#N/A","#N/A","#N/A","#N/A",123,"#N/A",Mr.,"#N/A"
8937506c-9531-462b-b66c-c51303505fef,be1cc763-8667-4f5a-b82d-09119c8fe411,"#N/A","#N/A","#N/A","#N/A","#N/A","#N/A","#N/A","#N/A",Contact,"#N/A","#N/A",Last,"#N/A","#N/A","#N/A","#N/A","#N/A","#N/A","#N/A","#N/A","#N/A","#N/A","#N/A","#N/A","#N/A","#N/A","#N/A","#N/A","#N/A","#N/A","#N/A","#N/A","#N/A",Ms.,"#N/A"
895eb0af-7588-4716-94e3-ce641545e09e,c55471af-f21e-40b6-8465-3b83d5d3740d,"#N/A","#N/A","#N/A","#N/A","#N/A","#N/A","#N/A","#N/A",Maria,"#N/A","#N/A",Ioana,"#N/A","#N/A","#N/A","#N/A","#N/A","#N/A","#N/A","#N/A","#N/A","#N/A","#N/A","#N/A","#N/A","#N/A","#N/A","#N/A","#N/A","#N/A","#N/A","#N/A","#N/A",Ms.,"#N/A"
9541c4a1-c33d-4456-9406-68ec18087254,ba88bb16-f1f9-4ff7-91fa-21ee10c34cfd,"#N/A","#N/A","#N/A","#N/A","#N/A","#N/A","#N/A","#N/A",Maria,"#N/A","#N/A",Ioana,"#N/A","#N/A","#N/A","#N/A","#N/A","#N/A","#N/A","#N/A","#N/A","#N/A","#N/A","#N/A","#N/A","#N/A","#N/A","#N/A","#N/A","#N/A","#N/A","#N/A","#N/A",Ms.,"#N/A"
98342a97-201e-4f1c-af0c-01b611b623f7,25fd78e9-34da-4fb5-bbd2-85d284c025d3,"#N/A","#N/A","#N/A","#N/A","#N/A","#N/A","#N/A","#N/A",Maria,"#N/A","#N/A",Ioana,"#N/A","#N/A","#N/A","#N/A","#N/A","#N/A","#N/A","#N/A","#N/A","#N/A","#N/A","#N/A","#N/A","#N/A","#N/A","#N/A","#N/A","#N/A","#N/A","#N/A","#N/A",Ms.,"#N/A"
998e79d6-68d1-49cd-b6ae-8cedabebdb63,dcf81601-325b-49ad-bc4b-f3a9e7212837,"#N/A","#N/A","#N/A","#N/A","#N/A","#N/A","#N/A","#N/A",Maria,"#N/A","#N/A",Ioana,"#N/A","#N/A","#N/A","#N/A","#N/A","#N/A","#N/A","#N/A","#N/A","#N/A","#N/A","#N/A","#N/A","#N/A","#N/A","#N/A","#N/A","#N/A","#N/A","#N/A","#N/A",Ms.,"#N/A"
9c4039d7-eedc-477b-b172-e6aeb4e10e05,9560bf6c-7c71-4b83-b228-4ad5d543d2dd,"#N/A","#N/A","#N/A","#N/A","#N/A","#N/A","#N/A","#N/A","#N/A","#N/A","#N/A",shaikh,"#N/A","#N/A","#N/A","#N/A","#N/A","#N/A","#N/A","#N/A","#N/A","#N/A","#N/A","#N/A","#N/A","#N/A","#N/A","#N/A","#N/A","#N/A","#N/A","#N/A","#N/A",Mr.,"#N/A"
9ddba370-f8e5-49e2-9c1b-e81e3f05205f,ba88bb16-f1f9-4ff7-91fa-21ee10c34cfd,"#N/A","#N/A","#N/A","#N/A","#N/A","#N/A","#N/A","#N/A",Contact,"#N/A","#N/A",Last,"#N/A","#N/A","#N/A","#N/A","#N/A","#N/A","#N/A","#N/A","#N/A","#N/A","#N/A","#N/A","#N/A","#N/A","#N/A","#N/A","#N/A","#N/A","#N/A","#N/A","#N/A",Ms.,"#N/A"
9f0db06d-ceaa-49e9-81ff-0a8b686d2315,"#N/A","#N/A","#N/A","#N/A","#N/A",Carole White is looking at moving forward with our products and will act as the champion for us.,info@salesforce.com,"#N/A","#N/A",Carole,"#N/A","#N/A",White,Employee Referral,Toronto,Canada,"#N/A","#N/A","#N/A",L4B 1Y3,Ontario,150 Chestnut Street,"#N/A","#N/A","#N/A","#N/A","#N/A","#N/A","#N/A","#N/A","#N/A","#N/A",(415) 555-1212,"#N/A","#N/A",VP Sales
9f2775da-5fd0-4ac6-a766-7dbdce825cdf,25fd78e9-34da-4fb5-bbd2-85d284c025d3,"#N/A","#N/A","#N/A","#N/A","#N/A","#N/A","#N/A","#N/A",Contact,"#N/A","#N/A",Last,"#N/A","#N/A","#N/A","#N/A","#N/A","#N/A","#N/A","#N/A","#N/A","#N/A","#N/A","#N/A","#N/A","#N/A","#N/A","#N/A","#N/A","#N/A","#N/A","#N/A","#N/A",Ms.,"#N/A"
a32adca6-048b-48ba-85fe-aea7189f675d,cef48d7d-6bdf-4e9c-926c-237503e70477,"#N/A","#N/A","#N/A","#N/A","#N/A","#N/A","#N/A","#N/A",Contact,"#N/A","#N/A",Last,"#N/A","#N/A","#N/A","#N/A","#N/A","#N/A","#N/A","#N/A","#N/A","#N/A","#N/A","#N/A","#N/A","#N/A","#N/A","#N/A","#N/A","#N/A","#N/A","#N/A","#N/A",Ms.,"#N/A"
a42b5997-e98f-4ddc-a5a6-9dacdd6e3915,0ccef6ce-e69d-4cda-985d-b6840f0bf01d,"#N/A","#N/A","#N/A","#N/A","#N/A","#N/A","#N/A","#N/A",New Kid,"#N/A","#N/A",New3,"#N/A","#N/A","#N/A","#N/A","#N/A","#N/A","#N/A","#N/A","#N/A","#N/A","#N/A","#N/A","#N/A","#N/A","#N/A","#N/A","#N/A","#N/A","#N/A",123,"#N/A",Mr.,"#N/A"
a4bae962-cf7b-4e78-a9c6-5e907deb596a,be1cc763-8667-4f5a-b82d-09119c8fe411,"#N/A","#N/A","#N/A","#N/A","#N/A","#N/A","#N/A","#N/A",Maria,"#N/A","#N/A",Ioana,"#N/A","#N/A","#N/A","#N/A","#N/A","#N/A","#N/A","#N/A","#N/A","#N/A","#N/A","#N/A","#N/A","#N/A","#N/A","#N/A","#N/A","#N/A","#N/A","#N/A","#N/A",Ms.,"#N/A"
a4e8f2ad-8585-44d4-b38d-c6b180d888af,63604d37-fd0d-416a-b94e-c88af73fe4ea,"#N/A","#N/A","#N/A","#N/A","#N/A","#N/A","#N/A","#N/A",New Kid,"#N/A","#N/A",New3,"#N/A","#N/A","#N/A","#N/A","#N/A","#N/A","#N/A","#N/A","#N/A","#N/A","#N/A","#N/A","#N/A","#N/A","#N/A","#N/A","#N/A","#N/A","#N/A",123,"#N/A",Mr.,"#N/A"
a5c0f673-9174-4f26-9ddb-95d97a8a542d,15b010a2-e0cb-48cd-84e7-2a4831ed8b7a,"#N/A","#N/A","#N/A","#N/A","#N/A","#N/A","#N/A","#N/A","#N/A","#N/A","#N/A",PROD_EDITED,"#N/A","#N/A","#N/A","#N/A","#N/A","#N/A","#N/A","#N/A","#N/A","#N/A","#N/A","#N/A","#N/A","#N/A","#N/A","#N/A","#N/A","#N/A","#N/A","#N/A","#N/A",Mr.,"#N/A"
a728d41d-8cc3-45d7-aac8-8d88de39e40c,a233043f-4e4e-4732-a226-056c1eca64b7,"#N/A","#N/A","#N/A","#N/A","#N/A","#N/A","#N/A","#N/A",New Kid,"#N/A","#N/A",New3,"#N/A","#N/A","#N/A","#N/A","#N/A","#N/A","#N/A","#N/A","#N/A","#N/A","#N/A","#N/A","#N/A","#N/A","#N/A","#N/A","#N/A","#N/A","#N/A",123,"#N/A",Mr.,"#N/A"
b639c70c-ac4c-4263-8052-9136b5e69d5e,278446d0-b16d-4b3f-bce3-5de67ab136a0,"#N/A","#N/A","#N/A","#N/A","#N/A","#N/A","#N/A","#N/A","#N/A","#N/A","#N/A",shaikh,"#N/A","#N/A","#N/A","#N/A","#N/A","#N/A","#N/A","#N/A","#N/A","#N/A","#N/A","#N/A","#N/A","#N/A","#N/A","#N/A","#N/A","#N/A","#N/A","#N/A","#N/A",Mr.,"#N/A"
b6864d76-4b6c-427f-9b0e-b198cebaeadb,954a2bf0-1141-400a-8a42-458d3c4bd5ec,"#N/A","#N/A","#N/A","#N/A","#N/A","#N/A","#N/A","#N/A",New Kid,"#N/A","#N/A",New3,"#N/A","#N/A","#N/A","#N/A","#N/A","#N/A","#N/A","#N/A","#N/A","#N/A","#N/A","#N/A","#N/A","#N/A","#N/A","#N/A","#N/A","#N/A","#N/A",123,"#N/A",Mr.,"#N/A"
bb7190b9-014b-40cf-83da-123781ef3860,925b6684-0596-498b-955e-049c9215a690,"#N/A","#N/A","#N/A","#N/A","#N/A","#N/A","#N/A","#N/A",Maria,"#N/A","#N/A",Ioana,"#N/A","#N/A","#N/A","#N/A","#N/A","#N/A","#N/A","#N/A","#N/A","#N/A","#N/A","#N/A","#N/A","#N/A","#N/A","#N/A","#N/A","#N/A","#N/A","#N/A","#N/A",Ms.,"#N/A"
c94d2ecb-b792-48aa-bfd3-d2fc81b9a3da,6cc37ee7-4dc6-44a0-8a83-22e00230256a,"#N/A","#N/A","#N/A","#N/A","#N/A","#N/A","#N/A","#N/A",New Kid,"#N/A","#N/A",New3,"#N/A","#N/A","#N/A","#N/A","#N/A","#N/A","#N/A","#N/A","#N/A","#N/A","#N/A","#N/A","#N/A","#N/A","#N/A","#N/A","#N/A","#N/A","#N/A",123,"#N/A",Mr.,"#N/A"
ccab5134-41bb-4305-9b83-bc4cfb72bb51,be1cc763-8667-4f5a-b82d-09119c8fe411,"#N/A","#N/A","#N/A","#N/A","#N/A","#N/A","#N/A","#N/A",Maria,"#N/A","#N/A",Ioana,"#N/A","#N/A","#N/A","#N/A","#N/A","#N/A","#N/A","#N/A","#N/A","#N/A","#N/A","#N/A","#N/A","#N/A","#N/A","#N/A","#N/A","#N/A","#N/A","#N/A","#N/A",Ms.,"#N/A"
cfb009fa-fcab-43a4-8bf6-3ab2cd3aaa9d,"#N/A","#N/A","#N/A","#N/A","#N/A","#N/A",info@salesforce.com,"#N/A",(555) 555-1212,Jon,"#N/A","#N/A",Amos,"#N/A",Toronto,Canada,"#N/A","#N/A","#N/A",L4B 1Y3,Ontario,150 Chestnut Street,"#N/A","#N/A","#N/A","#N/A","#N/A","#N/A","#N/A","#N/A","#N/A","#N/A",(905) 555-1212,"#N/A","#N/A",Sales Manager
d8f0874a-bca7-4771-8408-617d99794188,e6fcf160-f42c-4554-8470-99fea579c524,"#N/A","#N/A","#N/A","#N/A","#N/A","#N/A","#N/A","#N/A",New Kid,"#N/A","#N/A",New3,"#N/A","#N/A","#N/A","#N/A","#N/A","#N/A","#N/A","#N/A","#N/A","#N/A","#N/A","#N/A","#N/A","#N/A","#N/A","#N/A","#N/A","#N/A","#N/A",123,"#N/A",Mr.,"#N/A"
d9971f3e-198e-4dd8-9c28-e6a2fe226538,ba88bb16-f1f9-4ff7-91fa-21ee10c34cfd,"#N/A","#N/A","#N/A","#N/A","#N/A","#N/A","#N/A","#N/A",Maria,"#N/A","#N/A",Ioana,"#N/A","#N/A","#N/A","#N/A","#N/A","#N/A","#N/A","#N/A","#N/A","#N/A","#N/A","#N/A","#N/A","#N/A","#N/A","#N/A","#N/A","#N/A","#N/A","#N/A","#N/A",Ms.,"#N/A"
e0f76f91-8ed6-4ff5-af3b-fca3f36cb1dd,925b6684-0596-498b-955e-049c9215a690,"#N/A","#N/A","#N/A","#N/A","#N/A","#N/A","#N/A","#N/A",Contact,"#N/A","#N/A",Last,"#N/A","#N/A","#N/A","#N/A","#N/A","#N/A","#N/A","#N/A","#N/A","#N/A","#N/A","#N/A","#N/A","#N/A","#N/A","#N/A","#N/A","#N/A","#N/A","#N/A","#N/A",Ms.,"#N/A"
ee19b971-ae11-4187-b834-081a5e4e4689,25fd78e9-34da-4fb5-bbd2-85d284c025d3,"#N/A","#N/A","#N/A","#N/A","#N/A","#N/A","#N/A","#N/A",Contact,"#N/A","#N/A",Last,"#N/A","#N/A","#N/A","#N/A","#N/A","#N/A","#N/A","#N/A","#N/A","#N/A","#N/A","#N/A","#N/A","#N/A","#N/A","#N/A","#N/A","#N/A","#N/A","#N/A","#N/A",Ms.,"#N/A"
ef81a147-72ab-4aa4-b4c6-973b7ab5fda6,925b6684-0596-498b-955e-049c9215a690,"#N/A","#N/A","#N/A","#N/A","#N/A","#N/A","#N/A","#N/A",Maria,"#N/A","#N/A",Ioana,"#N/A","#N/A","#N/A","#N/A","#N/A","#N/A","#N/A","#N/A","#N/A","#N/A","#N/A","#N/A","#N/A","#N/A","#N/A","#N/A","#N/A","#N/A","#N/A","#N/A","#N/A",Ms.,"#N/A"
f92ebba9-dd3a-4bae-9caf-dc0871af81e3,954a2bf0-1141-400a-8a42-458d3c4bd5ec,"#N/A","#N/A","#N/A","#N/A","#N/A","#N/A","#N/A","#N/A",New Kid,"#N/A","#N/A",New3,"#N/A","#N/A","#N/A","#N/A","#N/A","#N/A","#N/A","#N/A","#N/A","#N/A","#N/A","#N/A","#N/A","#N/A","#N/A","#N/A","#N/A","#N/A","#N/A",123,"#N/A",Mr.,"#N/A"
fce4993a-60c9-4f16-94ea-af82ec80e2b6,25fd78e9-34da-4fb5-bbd2-85d284c025d3,"#N/A","#N/A","#N/A","#N/A","#N/A","#N/A","#N/A","#N/A",Maria,"#N/A","#N/A",Ioana,"#N/A","#N/A","#N/A","#N/A","#N/A","#N/A","#N/A","#N/A","#N/A","#N/A","#N/A","#N/A","#N/A","#N/A","#N/A","#N/A","#N/A","#N/A","#N/A","#N/A","#N/A",Ms.,"#N/A"
ff8e3cd8-4a5b-4abf-8235-6829db06a813,dcf81601-325b-49ad-bc4b-f3a9e7212837,"#N/A","#N/A","#N/A","#N/A","#N/A","#N/A","#N/A","#N/A",Maria,"#N/A","#N/A",Ioana,"#N/A","#N/A","#N/A","#N/A","#N/A","#N/A","#N/A","#N/A","#N/A","#N/A","#N/A","#N/A","#N/A","#N/A","#N/A","#N/A","#N/A","#N/A","#N/A","#N/A","#N/A",Ms.,"#N/A"
